--------------------------------------------------------
--  File created - вівторок-травня-12-2026   
--------------------------------------------------------
--------------------------------------------------------
--  DDL for Sequence CHAT_MESSAGES_SEQ
--------------------------------------------------------

   CREATE SEQUENCE  "TEST"."CHAT_MESSAGES_SEQ"  MINVALUE 1 MAXVALUE 9999999999999999999999999999 INCREMENT BY 1 START WITH 1 NOCACHE  NOORDER  NOCYCLE
--------------------------------------------------------
--  DDL for Sequence USERS_SEQ
--------------------------------------------------------

   CREATE SEQUENCE  "TEST"."USERS_SEQ"  MINVALUE 1 MAXVALUE 9999999999999999999999999999 INCREMENT BY 1 START WITH 41 CACHE 20 NOORDER  NOCYCLE
  GRANT SELECT ON "TEST"."USERS_SEQ" TO "NDI"
--------------------------------------------------------
--  DDL for Table BASE_MAIN
--------------------------------------------------------

  CREATE TABLE "TEST"."BASE_MAIN" 
   (	"ID" NUMBER(*,0), 
	"NOMZAM" NUMBER(*,0), 
	"TYPEFIRM" NUMBER(4,0), 
	"KODCITY" NUMBER(4,0), 
	"FIRM_ID" NUMBER(4,0), 
	"NAMEZAM" VARCHAR2(100), 
	"FAMZAM" VARCHAR2(100), 
	"DATA" DATE, 
	"NOMTLFZAM" NUMBER(20,0), 
	"ADRESS" VARCHAR2(250), 
	"STARTHOURZAM" VARCHAR2(5), 
	"FINISHHOURZAM" VARCHAR2(5), 
	"OPYSZAM" VARCHAR2(450), 
	"PRICEZAM" NUMBER(10,2), 
	 CONSTRAINT "UK_NOMZAM_ID_MAIN" UNIQUE ("ID")
  USING INDEX PCTFREE 10 INITRANS 2 MAXTRANS 255 COMPUTE STATISTICS 
  STORAGE(INITIAL 65536 NEXT 1048576 MINEXTENTS 1 MAXEXTENTS 2147483645
  PCTINCREASE 0 FREELISTS 1 FREELIST GROUPS 1 BUFFER_POOL DEFAULT FLASH_CACHE DEFAULT CELL_FLASH_CACHE DEFAULT)
  TABLESPACE "WORK"  ENABLE, 
	 CONSTRAINT "B1_NOMZAM_ID_FK" FOREIGN KEY ("ID")
	  REFERENCES "TEST"."WORK" ("ID") ENABLE, 
	 CONSTRAINT "FK_NOMZAM_ID_MAIN" FOREIGN KEY ("NOMZAM")
	  REFERENCES "TEST"."WORK" ("NOMZAM") ENABLE
   ) SEGMENT CREATION IMMEDIATE 
  PCTFREE 10 PCTUSED 40 INITRANS 1 MAXTRANS 255 NOCOMPRESS LOGGING
  STORAGE(INITIAL 65536 NEXT 1048576 MINEXTENTS 1 MAXEXTENTS 2147483645
  PCTINCREASE 0 FREELISTS 1 FREELIST GROUPS 1 BUFFER_POOL DEFAULT FLASH_CACHE DEFAULT CELL_FLASH_CACHE DEFAULT)
  TABLESPACE "WORK"
  GRANT ALTER, DELETE, INDEX, INSERT, SELECT, UPDATE, REFERENCES, ON COMMIT REFRESH, QUERY REWRITE, DEBUG, FLASHBACK ON "TEST"."BASE_MAIN" TO "NDI"
--------------------------------------------------------
--  DDL for Table CHAT_MESSAGES
--------------------------------------------------------

  CREATE TABLE "TEST"."CHAT_MESSAGES" 
   (	"ID" NUMBER NOT NULL ENABLE, 
	"CHAT_ID" VARCHAR2(50) NOT NULL ENABLE, 
	"SENDER_ID" VARCHAR2(100) NOT NULL ENABLE, 
	"MESSAGE_TEXT" VARCHAR2(4000) NOT NULL ENABLE, 
	"CREATED_AT" TIMESTAMP (6) DEFAULT SYSTIMESTAMP, 
	 CONSTRAINT "CHAT_MESSAGES_PK" PRIMARY KEY ("ID")
  USING INDEX PCTFREE 10 INITRANS 2 MAXTRANS 255 COMPUTE STATISTICS 
  STORAGE(INITIAL 65536 NEXT 1048576 MINEXTENTS 1 MAXEXTENTS 2147483645
  PCTINCREASE 0 FREELISTS 1 FREELIST GROUPS 1 BUFFER_POOL DEFAULT FLASH_CACHE DEFAULT CELL_FLASH_CACHE DEFAULT)
  TABLESPACE "WORK"  ENABLE
   ) SEGMENT CREATION IMMEDIATE 
  PCTFREE 10 PCTUSED 40 INITRANS 1 MAXTRANS 255 NOCOMPRESS LOGGING
  STORAGE(INITIAL 65536 NEXT 1048576 MINEXTENTS 1 MAXEXTENTS 2147483645
  PCTINCREASE 0 FREELISTS 1 FREELIST GROUPS 1 BUFFER_POOL DEFAULT FLASH_CACHE DEFAULT CELL_FLASH_CACHE DEFAULT)
  TABLESPACE "WORK"
--------------------------------------------------------
--  DDL for Table USERS
--------------------------------------------------------

  CREATE TABLE "TEST"."USERS" 
   (	"ID" NUMBER(*,0), 
	"EMAIL" VARCHAR2(100), 
	"PASSWORD" VARCHAR2(255), 
	"NEW_PASSWORD" VARCHAR2(255), 
	"FIRST_NAME" VARCHAR2(100), 
	"LAST_NAME" VARCHAR2(100), 
	"CREATED_AT" DATE DEFAULT SYSDATE, 
	"IS_ACTIVE" NUMBER(1,0) DEFAULT 1, 
	"NAME" VARCHAR2(255), 
	"CITY" VARCHAR2(100), 
	"PHONE" VARCHAR2(50), 
	"BIO" VARCHAR2(1000), 
	"COMPANY" VARCHAR2(255), 
	"AVATAR" VARCHAR2(500), 
	 CONSTRAINT "USERS_PK" PRIMARY KEY ("ID")
  USING INDEX PCTFREE 10 INITRANS 2 MAXTRANS 255 COMPUTE STATISTICS 
  STORAGE(INITIAL 65536 NEXT 1048576 MINEXTENTS 1 MAXEXTENTS 2147483645
  PCTINCREASE 0 FREELISTS 1 FREELIST GROUPS 1 BUFFER_POOL DEFAULT FLASH_CACHE DEFAULT CELL_FLASH_CACHE DEFAULT)
  TABLESPACE "WORK"  ENABLE, 
	 CONSTRAINT "USERS_EMAIL_UN" UNIQUE ("EMAIL")
  USING INDEX PCTFREE 10 INITRANS 2 MAXTRANS 255 COMPUTE STATISTICS 
  STORAGE(INITIAL 65536 NEXT 1048576 MINEXTENTS 1 MAXEXTENTS 2147483645
  PCTINCREASE 0 FREELISTS 1 FREELIST GROUPS 1 BUFFER_POOL DEFAULT FLASH_CACHE DEFAULT CELL_FLASH_CACHE DEFAULT)
  TABLESPACE "WORK"  ENABLE
   ) SEGMENT CREATION IMMEDIATE 
  PCTFREE 10 PCTUSED 40 INITRANS 1 MAXTRANS 255 NOCOMPRESS LOGGING
  STORAGE(INITIAL 65536 NEXT 1048576 MINEXTENTS 1 MAXEXTENTS 2147483645
  PCTINCREASE 0 FREELISTS 1 FREELIST GROUPS 1 BUFFER_POOL DEFAULT FLASH_CACHE DEFAULT CELL_FLASH_CACHE DEFAULT)
  TABLESPACE "WORK" 

   COMMENT ON COLUMN "TEST"."USERS"."ID" IS '“­?Є «м­Ё© ­®¬Ґа Є®аЁбвгў з  (PK)'
   COMMENT ON COLUMN "TEST"."USERS"."EMAIL" IS '…«ҐЄва®­­  Ї®ив '
   COMMENT ON COLUMN "TEST"."USERS"."PASSWORD" IS 'Џ а®«м (§ иЁда®ў ­Ё©)'
   COMMENT ON COLUMN "TEST"."USERS"."NEW_PASSWORD" IS 'Џ®«Ґ ¤«п §¬?­Ё Ї а®«п'
   COMMENT ON COLUMN "TEST"."USERS"."FIRST_NAME" IS '?¬п'
   COMMENT ON COLUMN "TEST"."USERS"."LAST_NAME" IS 'Џа?§ўЁйҐ'
   COMMENT ON COLUMN "TEST"."USERS"."CREATED_AT" IS '„ в  аҐубва ж?х'
   COMMENT ON COLUMN "TEST"."USERS"."IS_ACTIVE" IS '‘в вгб (1- ЄвЁў­Ё©, 0-§ Ў«®Є®ў ­Ё©)'
  GRANT ALTER, DELETE, INDEX, INSERT, SELECT, UPDATE, REFERENCES, ON COMMIT REFRESH, QUERY REWRITE, DEBUG, FLASHBACK ON "TEST"."USERS" TO "NDI"
--------------------------------------------------------
--  DDL for Table WORK
--------------------------------------------------------

  CREATE TABLE "TEST"."WORK" 
   (	"ID" NUMBER(*,0), 
	"NOMZAM" NUMBER(*,0), 
	"DATEMOD" DATE, 
	"SFORMZAM" NUMBER(1,0), 
	"PRUJNZAM" NUMBER(1,0), 
	"PEREDZAM" NUMBER(1,0), 
	"PRINTZAM" NUMBER(1,0), 
	"NEW" NUMBER(1,0), 
	"BEDZAM" NUMBER(1,0), 
	"FINISHZAM" NUMBER(1,0), 
	"ZAMAPP" NUMBER(1,0), 
	"ZAMPK" NUMBER(1,0), 
	"ARCHIV" NUMBER(1,0) DEFAULT 0, 
	 CONSTRAINT "NRMR_PK" PRIMARY KEY ("ID")
  USING INDEX PCTFREE 10 INITRANS 2 MAXTRANS 255 COMPUTE STATISTICS 
  STORAGE(INITIAL 65536 NEXT 1048576 MINEXTENTS 1 MAXEXTENTS 2147483645
  PCTINCREASE 0 FREELISTS 1 FREELIST GROUPS 1 BUFFER_POOL DEFAULT FLASH_CACHE DEFAULT CELL_FLASH_CACHE DEFAULT)
  TABLESPACE "WORK"  ENABLE, 
	 UNIQUE ("NOMZAM")
  USING INDEX PCTFREE 10 INITRANS 2 MAXTRANS 255 COMPUTE STATISTICS 
  STORAGE(INITIAL 65536 NEXT 1048576 MINEXTENTS 1 MAXEXTENTS 2147483645
  PCTINCREASE 0 FREELISTS 1 FREELIST GROUPS 1 BUFFER_POOL DEFAULT FLASH_CACHE DEFAULT CELL_FLASH_CACHE DEFAULT)
  TABLESPACE "WORK"  ENABLE, 
	 CONSTRAINT "NMDTM_UN" UNIQUE ("NOMZAM", "DATEMOD")
  USING INDEX PCTFREE 10 INITRANS 2 MAXTRANS 255 COMPUTE STATISTICS 
  STORAGE(INITIAL 65536 NEXT 1048576 MINEXTENTS 1 MAXEXTENTS 2147483645
  PCTINCREASE 0 FREELISTS 1 FREELIST GROUPS 1 BUFFER_POOL DEFAULT FLASH_CACHE DEFAULT CELL_FLASH_CACHE DEFAULT)
  TABLESPACE "WORK"  ENABLE
   ) SEGMENT CREATION IMMEDIATE 
  PCTFREE 10 PCTUSED 40 INITRANS 1 MAXTRANS 255 NOCOMPRESS LOGGING
  STORAGE(INITIAL 65536 NEXT 1048576 MINEXTENTS 1 MAXEXTENTS 2147483645
  PCTINCREASE 0 FREELISTS 1 FREELIST GROUPS 1 BUFFER_POOL DEFAULT FLASH_CACHE DEFAULT CELL_FLASH_CACHE DEFAULT)
  TABLESPACE "WORK"
  GRANT ALTER, DELETE, INDEX, INSERT, SELECT, UPDATE, REFERENCES, ON COMMIT REFRESH, QUERY REWRITE, DEBUG, FLASHBACK ON "TEST"."WORK" TO "NDI"
REM INSERTING into TEST.BASE_MAIN
SET DEFINE OFF;
Insert into TEST.BASE_MAIN (ID,NOMZAM,TYPEFIRM,KODCITY,FIRM_ID,NAMEZAM,FAMZAM,DATA,NOMTLFZAM,ADRESS,STARTHOURZAM,FINISHHOURZAM,OPYSZAM,PRICEZAM) values ('1775565105','1775565105',null,null,null,'asdasd',null,to_date('17.04.2026','DD.MM.RRRR'),null,null,null,null,'asdasd',null);
Insert into TEST.BASE_MAIN (ID,NOMZAM,TYPEFIRM,KODCITY,FIRM_ID,NAMEZAM,FAMZAM,DATA,NOMTLFZAM,ADRESS,STARTHOURZAM,FINISHHOURZAM,OPYSZAM,PRICEZAM) values ('1775565377','1775565377',null,null,null,'asdasd',null,to_date('16.04.2026','DD.MM.RRRR'),null,null,null,null,'asdad','123232');
Insert into TEST.BASE_MAIN (ID,NOMZAM,TYPEFIRM,KODCITY,FIRM_ID,NAMEZAM,FAMZAM,DATA,NOMTLFZAM,ADRESS,STARTHOURZAM,FINISHHOURZAM,OPYSZAM,PRICEZAM) values ('1775023438','1775023438',null,null,null,'фів',null,to_date('23.04.2026','DD.MM.RRRR'),null,null,null,null,'фівівфів 123','1322');
Insert into TEST.BASE_MAIN (ID,NOMZAM,TYPEFIRM,KODCITY,FIRM_ID,NAMEZAM,FAMZAM,DATA,NOMTLFZAM,ADRESS,STARTHOURZAM,FINISHHOURZAM,OPYSZAM,PRICEZAM) values ('1775028148','1775028148',null,null,null,'Тест',null,to_date('16.04.2026','DD.MM.RRRR'),null,null,null,null,'Тест','123');
Insert into TEST.BASE_MAIN (ID,NOMZAM,TYPEFIRM,KODCITY,FIRM_ID,NAMEZAM,FAMZAM,DATA,NOMTLFZAM,ADRESS,STARTHOURZAM,FINISHHOURZAM,OPYSZAM,PRICEZAM) values ('1775028188','1775028188',null,null,null,'Мксней',null,to_date('24.04.2026','DD.MM.RRRR'),null,null,null,null,'тест','300');
Insert into TEST.BASE_MAIN (ID,NOMZAM,TYPEFIRM,KODCITY,FIRM_ID,NAMEZAM,FAMZAM,DATA,NOMTLFZAM,ADRESS,STARTHOURZAM,FINISHHOURZAM,OPYSZAM,PRICEZAM) values ('1775029177','1775029177',null,null,null,'1231232',null,to_date('20.04.2026','DD.MM.RRRR'),null,null,null,null,'1213123','1231232');
Insert into TEST.BASE_MAIN (ID,NOMZAM,TYPEFIRM,KODCITY,FIRM_ID,NAMEZAM,FAMZAM,DATA,NOMTLFZAM,ADRESS,STARTHOURZAM,FINISHHOURZAM,OPYSZAM,PRICEZAM) values ('1775029153','1775029153',null,null,null,'1312',null,to_date('01.04.2026','DD.MM.RRRR'),null,null,null,null,'12312','123123');
Insert into TEST.BASE_MAIN (ID,NOMZAM,TYPEFIRM,KODCITY,FIRM_ID,NAMEZAM,FAMZAM,DATA,NOMTLFZAM,ADRESS,STARTHOURZAM,FINISHHOURZAM,OPYSZAM,PRICEZAM) values ('1775631936','1775631936',null,null,null,'asd',null,to_date('18.04.2026','DD.MM.RRRR'),null,null,null,null,'asdasda','1232312');
Insert into TEST.BASE_MAIN (ID,NOMZAM,TYPEFIRM,KODCITY,FIRM_ID,NAMEZAM,FAMZAM,DATA,NOMTLFZAM,ADRESS,STARTHOURZAM,FINISHHOURZAM,OPYSZAM,PRICEZAM) values ('1775029813','1775029813',null,null,null,'тест',null,to_date('18.04.2026','DD.MM.RRRR'),null,null,null,null,'тест','12323');
Insert into TEST.BASE_MAIN (ID,NOMZAM,TYPEFIRM,KODCITY,FIRM_ID,NAMEZAM,FAMZAM,DATA,NOMTLFZAM,ADRESS,STARTHOURZAM,FINISHHOURZAM,OPYSZAM,PRICEZAM) values ('1775634078','1775634078',null,null,null,'пепе',null,to_date('25.04.2026','DD.MM.RRRR'),null,null,null,null,'пупупу','123213');
REM INSERTING into TEST.CHAT_MESSAGES
SET DEFINE OFF;
REM INSERTING into TEST.USERS
SET DEFINE OFF;
Insert into TEST.USERS (ID,EMAIL,PASSWORD,NEW_PASSWORD,FIRST_NAME,LAST_NAME,CREATED_AT,IS_ACTIVE,NAME,CITY,PHONE,BIO,COMPANY,AVATAR) values ('23','zelensky@taskero.app','$2b$10$fi4J7MyWz0wZcDpiUJM.xe2bq7UBMkKjjSy4IEJFOtZKJoFQvEmKG',null,null,null,to_date('06.05.2026','DD.MM.RRRR'),'1',null,null,null,null,null,null);
Insert into TEST.USERS (ID,EMAIL,PASSWORD,NEW_PASSWORD,FIRST_NAME,LAST_NAME,CREATED_AT,IS_ACTIVE,NAME,CITY,PHONE,BIO,COMPANY,AVATAR) values ('24','vlad@gmail.com','$2b$10$ZumDmfy72IjGbTbWAmjhF.wNWBJOajneUMW1r1m4gn0uLUeyKBEzW',null,null,null,to_date('06.05.2026','DD.MM.RRRR'),'1',null,null,null,null,null,null);
Insert into TEST.USERS (ID,EMAIL,PASSWORD,NEW_PASSWORD,FIRST_NAME,LAST_NAME,CREATED_AT,IS_ACTIVE,NAME,CITY,PHONE,BIO,COMPANY,AVATAR) values ('25','asdsad@gmail.com','$2b$10$tjRbnreovucd8hBrWB08FeSj73/2phCDuSR.UukCDC9Msngfiz5Yu',null,null,null,to_date('06.05.2026','DD.MM.RRRR'),'1',null,null,null,null,null,null);
REM INSERTING into TEST.WORK
SET DEFINE OFF;
Insert into TEST.WORK (ID,NOMZAM,DATEMOD,SFORMZAM,PRUJNZAM,PEREDZAM,PRINTZAM,NEW,BEDZAM,FINISHZAM,ZAMAPP,ZAMPK,ARCHIV) values ('1775565105','1775565105',to_date('17.04.2026','DD.MM.RRRR'),null,null,null,null,'1',null,null,null,null,'0');
Insert into TEST.WORK (ID,NOMZAM,DATEMOD,SFORMZAM,PRUJNZAM,PEREDZAM,PRINTZAM,NEW,BEDZAM,FINISHZAM,ZAMAPP,ZAMPK,ARCHIV) values ('1775565377','1775565377',to_date('16.04.2026','DD.MM.RRRR'),null,null,null,null,'1',null,null,null,null,'0');
Insert into TEST.WORK (ID,NOMZAM,DATEMOD,SFORMZAM,PRUJNZAM,PEREDZAM,PRINTZAM,NEW,BEDZAM,FINISHZAM,ZAMAPP,ZAMPK,ARCHIV) values ('1775023438','1775023438',to_date('23.04.2026','DD.MM.RRRR'),null,null,null,null,'1',null,null,null,null,'0');
Insert into TEST.WORK (ID,NOMZAM,DATEMOD,SFORMZAM,PRUJNZAM,PEREDZAM,PRINTZAM,NEW,BEDZAM,FINISHZAM,ZAMAPP,ZAMPK,ARCHIV) values ('1775028148','1775028148',to_date('16.04.2026','DD.MM.RRRR'),null,null,null,null,'1',null,null,null,null,'0');
Insert into TEST.WORK (ID,NOMZAM,DATEMOD,SFORMZAM,PRUJNZAM,PEREDZAM,PRINTZAM,NEW,BEDZAM,FINISHZAM,ZAMAPP,ZAMPK,ARCHIV) values ('1775028188','1775028188',to_date('24.04.2026','DD.MM.RRRR'),null,null,null,null,'1',null,null,null,null,'0');
Insert into TEST.WORK (ID,NOMZAM,DATEMOD,SFORMZAM,PRUJNZAM,PEREDZAM,PRINTZAM,NEW,BEDZAM,FINISHZAM,ZAMAPP,ZAMPK,ARCHIV) values ('1775029177','1775029177',to_date('20.04.2026','DD.MM.RRRR'),null,null,null,null,'1',null,null,null,null,'0');
Insert into TEST.WORK (ID,NOMZAM,DATEMOD,SFORMZAM,PRUJNZAM,PEREDZAM,PRINTZAM,NEW,BEDZAM,FINISHZAM,ZAMAPP,ZAMPK,ARCHIV) values ('1775029153','1775029153',to_date('01.04.2026','DD.MM.RRRR'),null,null,null,null,'1',null,null,null,null,'0');
Insert into TEST.WORK (ID,NOMZAM,DATEMOD,SFORMZAM,PRUJNZAM,PEREDZAM,PRINTZAM,NEW,BEDZAM,FINISHZAM,ZAMAPP,ZAMPK,ARCHIV) values ('1775631936','1775631936',to_date('18.04.2026','DD.MM.RRRR'),null,null,null,null,'1',null,null,null,null,'0');
Insert into TEST.WORK (ID,NOMZAM,DATEMOD,SFORMZAM,PRUJNZAM,PEREDZAM,PRINTZAM,NEW,BEDZAM,FINISHZAM,ZAMAPP,ZAMPK,ARCHIV) values ('1775029813','1775029813',to_date('18.04.2026','DD.MM.RRRR'),null,null,null,null,'1',null,null,null,null,'0');
Insert into TEST.WORK (ID,NOMZAM,DATEMOD,SFORMZAM,PRUJNZAM,PEREDZAM,PRINTZAM,NEW,BEDZAM,FINISHZAM,ZAMAPP,ZAMPK,ARCHIV) values ('1775634078','1775634078',to_date('25.04.2026','DD.MM.RRRR'),null,null,null,null,'1',null,null,null,null,'0');
--------------------------------------------------------
--  DDL for Index NMDTM_UN
--------------------------------------------------------

  CREATE UNIQUE INDEX "TEST"."NMDTM_UN" ON "TEST"."WORK" ("NOMZAM", "DATEMOD") 
  PCTFREE 10 INITRANS 2 MAXTRANS 255 COMPUTE STATISTICS 
  STORAGE(INITIAL 65536 NEXT 1048576 MINEXTENTS 1 MAXEXTENTS 2147483645
  PCTINCREASE 0 FREELISTS 1 FREELIST GROUPS 1 BUFFER_POOL DEFAULT FLASH_CACHE DEFAULT CELL_FLASH_CACHE DEFAULT)
  TABLESPACE "WORK"
--------------------------------------------------------
--  DDL for Index USERS_EMAIL_UN
--------------------------------------------------------

  CREATE UNIQUE INDEX "TEST"."USERS_EMAIL_UN" ON "TEST"."USERS" ("EMAIL") 
  PCTFREE 10 INITRANS 2 MAXTRANS 255 COMPUTE STATISTICS 
  STORAGE(INITIAL 65536 NEXT 1048576 MINEXTENTS 1 MAXEXTENTS 2147483645
  PCTINCREASE 0 FREELISTS 1 FREELIST GROUPS 1 BUFFER_POOL DEFAULT FLASH_CACHE DEFAULT CELL_FLASH_CACHE DEFAULT)
  TABLESPACE "WORK"
--------------------------------------------------------
--  DDL for Index USERS_PK
--------------------------------------------------------

  CREATE UNIQUE INDEX "TEST"."USERS_PK" ON "TEST"."USERS" ("ID") 
  PCTFREE 10 INITRANS 2 MAXTRANS 255 COMPUTE STATISTICS 
  STORAGE(INITIAL 65536 NEXT 1048576 MINEXTENTS 1 MAXEXTENTS 2147483645
  PCTINCREASE 0 FREELISTS 1 FREELIST GROUPS 1 BUFFER_POOL DEFAULT FLASH_CACHE DEFAULT CELL_FLASH_CACHE DEFAULT)
  TABLESPACE "WORK"
--------------------------------------------------------
--  DDL for Index NRMR_PK
--------------------------------------------------------

  CREATE UNIQUE INDEX "TEST"."NRMR_PK" ON "TEST"."WORK" ("ID") 
  PCTFREE 10 INITRANS 2 MAXTRANS 255 COMPUTE STATISTICS 
  STORAGE(INITIAL 65536 NEXT 1048576 MINEXTENTS 1 MAXEXTENTS 2147483645
  PCTINCREASE 0 FREELISTS 1 FREELIST GROUPS 1 BUFFER_POOL DEFAULT FLASH_CACHE DEFAULT CELL_FLASH_CACHE DEFAULT)
  TABLESPACE "WORK"
--------------------------------------------------------
--  DDL for Index UK_NOMZAM_ID_MAIN
--------------------------------------------------------

  CREATE UNIQUE INDEX "TEST"."UK_NOMZAM_ID_MAIN" ON "TEST"."BASE_MAIN" ("ID") 
  PCTFREE 10 INITRANS 2 MAXTRANS 255 COMPUTE STATISTICS 
  STORAGE(INITIAL 65536 NEXT 1048576 MINEXTENTS 1 MAXEXTENTS 2147483645
  PCTINCREASE 0 FREELISTS 1 FREELIST GROUPS 1 BUFFER_POOL DEFAULT FLASH_CACHE DEFAULT CELL_FLASH_CACHE DEFAULT)
  TABLESPACE "WORK"
--------------------------------------------------------
--  DDL for Index CHAT_MESSAGES_PK
--------------------------------------------------------

  CREATE UNIQUE INDEX "TEST"."CHAT_MESSAGES_PK" ON "TEST"."CHAT_MESSAGES" ("ID") 
  PCTFREE 10 INITRANS 2 MAXTRANS 255 COMPUTE STATISTICS 
  STORAGE(INITIAL 65536 NEXT 1048576 MINEXTENTS 1 MAXEXTENTS 2147483645
  PCTINCREASE 0 FREELISTS 1 FREELIST GROUPS 1 BUFFER_POOL DEFAULT FLASH_CACHE DEFAULT CELL_FLASH_CACHE DEFAULT)
  TABLESPACE "WORK"
--------------------------------------------------------
--  DDL for Trigger CHAT_MESSAGES_TRG
--------------------------------------------------------

  CREATE OR REPLACE TRIGGER "TEST"."CHAT_MESSAGES_TRG" 
BEFORE INSERT ON "TEST"."CHAT_MESSAGES"
FOR EACH ROW
BEGIN
    IF :NEW."ID" IS NULL THEN
        SELECT "TEST"."CHAT_MESSAGES_SEQ".NEXTVAL INTO :NEW."ID" FROM DUAL;
    END IF;
END;
ALTER TRIGGER "TEST"."CHAT_MESSAGES_TRG" ENABLE
--------------------------------------------------------
--  DDL for Trigger USERS_BIR
--------------------------------------------------------

  CREATE OR REPLACE TRIGGER "TEST"."USERS_BIR" 
BEFORE INSERT ON "TEST"."USERS"
FOR EACH ROW
BEGIN
  IF :NEW."ID" IS NULL THEN
    SELECT "TEST".users_seq.NEXTVAL INTO :NEW."ID" FROM DUAL;
  END IF;
END;
ALTER TRIGGER "TEST"."USERS_BIR" ENABLE
--------------------------------------------------------
--  Constraints for Table CHAT_MESSAGES
--------------------------------------------------------

  ALTER TABLE "TEST"."CHAT_MESSAGES" ADD CONSTRAINT "CHAT_MESSAGES_PK" PRIMARY KEY ("ID")
  USING INDEX PCTFREE 10 INITRANS 2 MAXTRANS 255 COMPUTE STATISTICS 
  STORAGE(INITIAL 65536 NEXT 1048576 MINEXTENTS 1 MAXEXTENTS 2147483645
  PCTINCREASE 0 FREELISTS 1 FREELIST GROUPS 1 BUFFER_POOL DEFAULT FLASH_CACHE DEFAULT CELL_FLASH_CACHE DEFAULT)
  TABLESPACE "WORK"  ENABLE
  ALTER TABLE "TEST"."CHAT_MESSAGES" MODIFY ("MESSAGE_TEXT" NOT NULL ENABLE)
  ALTER TABLE "TEST"."CHAT_MESSAGES" MODIFY ("SENDER_ID" NOT NULL ENABLE)
  ALTER TABLE "TEST"."CHAT_MESSAGES" MODIFY ("CHAT_ID" NOT NULL ENABLE)
  ALTER TABLE "TEST"."CHAT_MESSAGES" MODIFY ("ID" NOT NULL ENABLE)
--------------------------------------------------------
--  Constraints for Table USERS
--------------------------------------------------------

  ALTER TABLE "TEST"."USERS" ADD CONSTRAINT "USERS_EMAIL_UN" UNIQUE ("EMAIL")
  USING INDEX PCTFREE 10 INITRANS 2 MAXTRANS 255 COMPUTE STATISTICS 
  STORAGE(INITIAL 65536 NEXT 1048576 MINEXTENTS 1 MAXEXTENTS 2147483645
  PCTINCREASE 0 FREELISTS 1 FREELIST GROUPS 1 BUFFER_POOL DEFAULT FLASH_CACHE DEFAULT CELL_FLASH_CACHE DEFAULT)
  TABLESPACE "WORK"  ENABLE
  ALTER TABLE "TEST"."USERS" ADD CONSTRAINT "USERS_PK" PRIMARY KEY ("ID")
  USING INDEX PCTFREE 10 INITRANS 2 MAXTRANS 255 COMPUTE STATISTICS 
  STORAGE(INITIAL 65536 NEXT 1048576 MINEXTENTS 1 MAXEXTENTS 2147483645
  PCTINCREASE 0 FREELISTS 1 FREELIST GROUPS 1 BUFFER_POOL DEFAULT FLASH_CACHE DEFAULT CELL_FLASH_CACHE DEFAULT)
  TABLESPACE "WORK"  ENABLE
--------------------------------------------------------
--  Constraints for Table BASE_MAIN
--------------------------------------------------------

  ALTER TABLE "TEST"."BASE_MAIN" ADD CONSTRAINT "UK_NOMZAM_ID_MAIN" UNIQUE ("ID")
  USING INDEX PCTFREE 10 INITRANS 2 MAXTRANS 255 COMPUTE STATISTICS 
  STORAGE(INITIAL 65536 NEXT 1048576 MINEXTENTS 1 MAXEXTENTS 2147483645
  PCTINCREASE 0 FREELISTS 1 FREELIST GROUPS 1 BUFFER_POOL DEFAULT FLASH_CACHE DEFAULT CELL_FLASH_CACHE DEFAULT)
  TABLESPACE "WORK"  ENABLE
--------------------------------------------------------
--  Constraints for Table WORK
--------------------------------------------------------

  ALTER TABLE "TEST"."WORK" ADD CONSTRAINT "NMDTM_UN" UNIQUE ("NOMZAM", "DATEMOD")
  USING INDEX PCTFREE 10 INITRANS 2 MAXTRANS 255 COMPUTE STATISTICS 
  STORAGE(INITIAL 65536 NEXT 1048576 MINEXTENTS 1 MAXEXTENTS 2147483645
  PCTINCREASE 0 FREELISTS 1 FREELIST GROUPS 1 BUFFER_POOL DEFAULT FLASH_CACHE DEFAULT CELL_FLASH_CACHE DEFAULT)
  TABLESPACE "WORK"  ENABLE
  ALTER TABLE "TEST"."WORK" ADD UNIQUE ("NOMZAM")
  USING INDEX PCTFREE 10 INITRANS 2 MAXTRANS 255 COMPUTE STATISTICS 
  STORAGE(INITIAL 65536 NEXT 1048576 MINEXTENTS 1 MAXEXTENTS 2147483645
  PCTINCREASE 0 FREELISTS 1 FREELIST GROUPS 1 BUFFER_POOL DEFAULT FLASH_CACHE DEFAULT CELL_FLASH_CACHE DEFAULT)
  TABLESPACE "WORK"  ENABLE
  ALTER TABLE "TEST"."WORK" ADD CONSTRAINT "NRMR_PK" PRIMARY KEY ("ID")
  USING INDEX PCTFREE 10 INITRANS 2 MAXTRANS 255 COMPUTE STATISTICS 
  STORAGE(INITIAL 65536 NEXT 1048576 MINEXTENTS 1 MAXEXTENTS 2147483645
  PCTINCREASE 0 FREELISTS 1 FREELIST GROUPS 1 BUFFER_POOL DEFAULT FLASH_CACHE DEFAULT CELL_FLASH_CACHE DEFAULT)
  TABLESPACE "WORK"  ENABLE
--------------------------------------------------------
--  Ref Constraints for Table BASE_MAIN
--------------------------------------------------------

  ALTER TABLE "TEST"."BASE_MAIN" ADD CONSTRAINT "B1_NOMZAM_ID_FK" FOREIGN KEY ("ID")
	  REFERENCES "TEST"."WORK" ("ID") ENABLE
  ALTER TABLE "TEST"."BASE_MAIN" ADD CONSTRAINT "FK_NOMZAM_ID_MAIN" FOREIGN KEY ("NOMZAM")
	  REFERENCES "TEST"."WORK" ("NOMZAM") ENABLE
